Eastern,Southeast,Heat,Duncan,Robinson,SG,72,2043,315,717,250,613,62,75,7,243,127,20,43,81,942
Eastern,Southeast,Heat,Bam,Adebayo,C,64,2143,456,800,2,8,283,354,142,431,346,66,75,169,1197
Eastern,Southeast,Heat,Andre,Iguodala,F,63,1339,95,248,60,182,25,38,38,183,142,35,57,67,275
Eastern,Southeast,Heat,Precious,Achiuwa,PF,61,737,124,228,0,1,56,110,73,135,29,28,20,43,304
Eastern,Southeast,Heat,Kendrick,Nunn,G,56,1650,319,658,122,320,56,60,21,158,148,14,52,80,816
Eastern,Southeast,Heat,Tyler,Herro,PG,54,1635,307,699,107,297,94,117,25,243,184,17,35,101,815
Eastern,Southeast,Heat,Jimmy,Butler,SF,52,1745,366,736,25,102,359,416,94,265,369,18,108,109,1116
Eastern,Southeast,Heat,Goran,Dragic,PG,50,1336,240,555,91,244,101,122,25,144,219,8,33,118,672
Eastern,Southeast,Heat,Gabe,Vincent,PG,50,655,88,233,46,149,20,23,10,46,67,2,21,34,242
Eastern,Southeast,Heat,Kelly,Olynyk,PF,70,1997,337,697,126,368,145,175,87,402,203,42,79,126,945
Eastern,Atlantic,76ers,Dwight,Howard,C,69,1196,178,303,5,20,121,210,190,390,61,62,30,112,482
Eastern,Atlantic,76ers,Danny,Green,SF,69,1934,224,544,175,432,31,40,55,205,118,56,92,67,654
Eastern,Atlantic,76ers,Matisse,Thybulle,SG,65,1298,102,243,43,143,8,18,30,94,63,71,105,32,255
Eastern,Atlantic,76ers,Shake,Milton,SG,63,1461,300,667,71,203,146,176,33,115,193,18,39,103,817
Eastern,Atlantic,76ers,Tobias,Harris,PF,62,2014,473,924,82,208,182,204,62,357,220,51,55,107,1210
Eastern,Atlantic,76ers,Tyrese,Maxey,PG,61,936,198,429,31,103,61,70,11,93,120,13,26,41,488
Eastern,Atlantic,76ers,Ben,Simmons,PG,58,1877,325,583,3,10,176,287,93,324,401,35,93,173,829
Eastern,Atlantic,76ers,Seth,Curry,SG,57,1638,258,552,126,280,69,77,10,126,155,8,44,65,711
Eastern,Atlantic,76ers,Furkan,Korkmaz,SG,55,1062,170,424,101,269,60,82,17,96,82,9,49,46,501
Eastern,Atlantic,76ers,Mike,Scott,PF,51,852,76,211,53,155,8,12,11,109,40,14,24,19,213
Eastern,Atlantic,Nets,Joe,Harris,SF,69,2142,357,707,211,444,49,63,43,205,130,14,46,62,974
Eastern,Atlantic,Nets,Jeff,Green,PF,68,1835,261,530,103,250,125,161,34,229,108,27,36,54,750
Eastern,Atlantic,Nets,Bruce,Brown,SF,65,1451,25,423,17,59,86,117,111,238,104,28,58,54,573
Eastern,Atlantic,Nets,Landry,Shamet,SG,61,1403,186,456,129,333,66,78,11,101,99,10,31,48,567
Eastern,Atlantic,Nets,Timothe,Luwawu-Cabarrot,SG,58,1050,130,356,75,239,35,43,28,101,69,6,33,43,370
Eastern,Atlantic,Nets,DeAndre,Jordan,C,57,1246,190,249,0,1,46,92,117,310,93,65,17,85,426
Eastern,Atlantic,Nets,Kyrie,Irving,PG,54,1886,549,1086,152,378,201,218,52,205,324,37,76,130,1451
Eastern,Atlantic,Nets,Tyler,Johnson,G,39,684,72,183,48,132,18,21,6,71,47,0,14,17,210
Eastern,Atlantic,Nets,James,Harden,SG,44,1609,342,734,121,334,278,323,35,313,475,33,53,177,1083
Eastern,Atlantic,Nets,Kevin,Durant,PF,35,1157,324,603,85,189,210,238,13,234,195,45,25,120,943
Eastern,Central,Bucks,Brook,Lopez,C,70,1902,322,640,95,281,120,142,104,243,50,103,40,64,859
Eastern,Central,Bucks,Bryn,Forbes,SG,70,1354,250,529,154,341,47,61,11,101,45,1,24,44,701
Eastern,Central,Bucks,Pat,Connaughton,SG,69,1575,168,387,101,272,31,40,63,269,81,23,9,33,468
Eastern,Central,Bucks,Khris,Middleton,SF,68,2269,511,1074,151,365,212,236,54,352,370,9,74,178,1385
Eastern,Central,Bucks,Bobby,Portis,C,66,1372,313,598,74,157,54,73,124,46,71,26,52,56,754
Eastern,Central,Bucks,Donte,DiVincenzo,SG,66,1815,253,603,131,346,51,71,81,299,203,15,72,91,688
Eastern,Central,Bucks,Giannis,Antetokounmpo,PF,61,2013,626,1100,67,221,398,581,97,574,357,73,72,207,1717
Eastern,Central,Bucks,Jrue,Holiday,PG,59,1907,414,823,111,283,107,136,73,195,357,37,96,127,1046
Eastern,Central,Bucks,Thanasis,Antetokounmpo,SF,57,551,67,137,7,29,25,49,54,70,46,10,22,43,166
Eastern,Central,Bucks,D.J.,Augustin,G,57,1129,135,343,83,217,85,94,20,74,188,1,28,65,438
Eastern,Atlantic,Knicks,RJ,Barrett,SG,72,2511,467,1060,124,309,206,176,68,346,217,20,53,139,1264
Eastern,Atlantic,Knicks,Julius,Randle,PF,71,2667,602,1321,160,389,348,429,84,639,427,18,64,241,1712
Eastern,Atlantic,Knicks,Reggie,Bullock,SF,65,1949,248,561,163,398,50,55,16,207,99,11,52,45,709
Eastern,Atlantic,Knicks,Nerlens,Noel,C,64,1547,137,223,0,3,50,70,142,266,46,141,70,65,324
Eastern,Atlantic,Knicks,Immanuel,Quickley,SG,64,1243,229,580,118,303,155,174,25,112,127,12,30,58,731
Eastern,Atlantic,Knicks,Elfrid,Payton,PG,63,1484,269,622,28,98,73,107,64,152,203,9,47,103,639
Eastern,Atlantic,Knicks,Obi,Toppin,PF,62,683,104,209,26,85,19,26,26,112,29,15,17,23,253
Eastern,Atlantic,Knicks,Alec,Burks,SG,49,1255,210,500,102,246,101,118,21,206,107,14,31,49,623
Eastern,Atlantic,Knicks,Taj,Gison,C,45,936,99,158,3,15,40,55,99,151,36,49,31,22,241
Eastern,Atlantic,Knicks,Kevin,Knoz-II,F,42,464,56,143,35,89,16,20,10,51,19,6,12,17,163
Eastern,Southeast,Hawks,Solomon,Hill,SF,71,1514,107,298,68,212,35,46,42,172,75,11,50,42,317
Eastern,Southeast,Hawks,Kevin,Huerter,SG,69,2126,316,731,140,386,50,64,38,193,241,18,82,79,822
Eastern,Southeast,Hawks,Clint,Capela,C,63,1898,413,695,0,0,130,227,297,606,49,129,44,73,956
Eastern,Southeast,Hawks,John,Collins,PF,63,1848,429,771,83,208,170,204,118,349,78,63,34,84,1111
Eastern,Southeast,Hawks,Trae,Young,PG,63,2125,487,1112,136,397,484,546,38,207,594,12,53,261,1594
Eastern,Southeast,Hawks,Danilo,Gallinari,PF,51,1222,206,475,103,254,161,174,17,194,76,10,30,43,676
Eastern,Southeast,Hawks,Onyeka,Okongwu,PF,50,601,96,149,0,3,36,57,62,101,18,33,23,29,228
Eastern,Southeast,Hawks,Tony,Snell,SF,47,992,88,171,62,109,11,11,18,94,59,11,13,21,249
Eastern,Southeast,Hawks,Brandon,Goodwin,G,47,620,84,223,32,103,28,43,8,61,95,0,17,36,228
Eastern,Southeast,Hawks,Bogdan,Bogdanovic,SG,44,1305,267,565,146,333,40,44,20,140,147,13,49,54,720
Eastern,Atlantic,Celtics,Payton,Pritchard,PG,66,1268,184,428,120,248,40,45,33,125,120,9,37,53,510
Eastern,Atlantic,Celtics,Jayson,Tatum,SF,64,2290,605,1318,187,485,295,340,50,422,276,31,75,171,1692
Eastern,Atlantic,Celtics,Grant,Williams,PF,63,1138,108,247,48,129,30,51,48,130,64,24,32,56,294
Eastern,Atlantic,Celtics,Jaylen,Brown,SG,58,1999,538,1111,163,411,191,250,71,276,195,32,72,158,1430
Eastern,Atlantic,Celtics,Semi,Ojeleye,PF,56,950,89,221,58,158,24,32,31,116,37,0,17,21,260
Eastern,Atlantic,Celtics,Tristan,Thompson,C,54,1287,169,326,0,3,71,120,169,270,67,33,24,62,409
Eastern,Atlantic,Celtics,Robert,Williams-III,C,52,985,186,258,0,2,45,73,133,225,94,91,43,52,417
Eastern,Atlantic,Celtics,Marcus,Smart,PG,48,1581,203,510,93,282,128,162,36,131,273,23,72,96,627
Eastern,Atlantic,Celtics,Aaron,Nesmith,SF,46,669,78,178,40,108,22,28,28,99,23,9,15,23,218
Eastern,Atlantic,Celtics,Kemba,Walker,PG,43,1369,284,676,127,353,134,149,16,154,212,12,48,88,829
Eastern,Southeast,Wizards,Robin,Lopez,C,71,1354,269,425,5,18,99,137,141,131,55,44,15,75,642
Eastern,Southeast,Wizards,Russel,Westbrook,PG,65,2369,544,1238,86,273,271,413,109,641,763,23,89,312,1445
Eastern,Southeast,Wizards,Raul,Neto,PG,64,1403,209,447,64,164,75,85,28,128,146,6,73,53,557
Eastern,Southeast,Wizards,Garrison,Mathews,SG,64,1038,97,137,76,198,84,95,16,71,26,7,29,10,354
Eastern,Southeast,Wizards,Bradley,Beal,SG,60,2147,670,1382,130,373,408,459,72,211,265,22,69,187,1878
Eastern,Southeast,Wizards,Davis,Bertans,SF,57,1464,193,478,169,428,100,115,18,150,49,13,33,33,655
Eastern,Southeast,Wizards,Alex,Len,C,64,979,171,278,8,25,73,116,78,182,49,64,20,55,423
Eastern,Southeast,Wizards,Rui,Hachimra,PF,57,1797,310,648,45,137,124,161,49,263,82,7,44,68,789
Eastern,Southeast,Wizards,Deni,Avdija,SF,54,1257,130,312,53,168,29,45,22,240,63,15,32,33,342
Eastern,Southeast,Wizards,Ish,Smith,PG,44,924,129,297,18,49,19,33,22,128,172,13,32,41,295
Eastern,Central,Pacers,Justin,Holiday,SF,72,2183,258,625,173,453,67,85,32,224,119,41,74,54,756
Eastern,Central,Pacers,T.J.,McConnell,PG,69,1796,274,490,15,48,33,48,55,201,456,23,128,135,596
Eastern,Central,Pacers,Doug,McDerrmott,SF,66,1619,354,665,111,286,80,98,60,161,85,6,20,53,899
Eastern,Central,Pacers,Aarn,Holiday,PG,66,1176,170,436,67,182,68,83,15,74,123,13,46,66,475
Eastern,Central,Pacers,Domantas,Sabonis,PF,62,2231,484,904,52,162,240,328,150,592,415,33,76,213,1260
Eastern,Central,Pacers,Malcolm,Brogdon,PG,56,1930,444,980,145,374,153,177,58,236,329,15,49,115,1186
Eastern,Central,Pacers,Edmond,Sumner,PG,53,861,148,282,35,88,68,83,18,76,49,10,33,51,399
Eastern,Central,Pacers,Myles,Turner,C,47,155,296,432,69,206,111,142,63,243,48,159,40,67,592
Eastern,Central,Pacers,Goga,Bitadze,C,45,561,83,194,20,79,45,61,60,90,37,60,9,17,231
Eastern,Central,Pacers,Jeremy,Lamb,SG,36,765,120,276,52,128,71,75,25,106,53,23,34,22,363
Eastern,Southeast,Hornets,Terry,Rozier,SG,69,2383,510,1134,222,571,165,202,47,255,293,26,87,128,1407
Eastern,Southeast,Hornets,Bismack,Biyombo,C,66,1349,142,242,0,1,47,105,137,210,81,74,17,71,331
Eastern,Southeast,Hornets,Miles,Bridges,SF,66,1932,313,622,116,290,98,113,81,316,147,52,44,106,840
Eastern,Southeast,Hornets,P.J.,Washington,PF,64,1954,302,686,112,290,108,145,93,325,161,79,69,128,824
Eastern,Southeast,Hornets,Devonte,Graham,PG,55,1659,252,669,179,477,133,158,22,126,295,6,48,84,816
Eastern,Southeast,Hornets,Caleb,Martin,SF,53,818,96,256,31,125,41,64,31,110,67,12,37,33,264
Eastern,Southeast,Hornets,Cody,Martin,SF,52,849,83,188,16,58,25,43,52,109,86,12,37,40,207
Eastern,Southeast,Hornets,LaMelo,Ball,PG,51,1469,293,672,92,261,125,165,63,239,313,18,81,145,803
Eastern,Southeast,Hornets,Cody,Zeller,C,48,1005,181,324,4,28,85,119,119,209,86,17,27,51,451
Eastern,Southeast,Hornets,Jalen,McDaniels,PF,47,904,133,284,35,105,45,64,45,124,53,19,28,45,346
Eastern,Central,Bulls,Patrick,Williams,PF,71,1983,255,528,54,138,91,125,66,261,99,46,64,98,655
Eastern,Central,Bulls,Coby,White,PG,69,2156,375,902,163,454,128,142,28,256,328,15,38,156,1041
Eastern,Central,Bulls,Thaddeus,Young,PF,68,1652,370,662,12,45,71,113,168,255,291,40,74,137,823
Eastern,Central,Bulls,Denzel,Valentine,SG,62,1036,155,416,80,242,16,17,24,173,105,7,30,42,406
Eastern,Central,Bulls,Tomas,Satoransky,SG,58,1307,169,329,42,118,67,79,30,112,271,14,40,96,447
Eastern,Central,Bulls,Zach,LaVine,SG,58,2034,569,1123,200,477,253,298,36,253,282,27,46,203,1591
Eastern,Central,Bulls,Garret,Temple,SF,56,1528,158,381,67,200,40,50,29,131,124,30,43,58,423
Eastern,Central,Bulls,Lauri,Markkanen,PF,51,1317,250,521,119,296,76,92,35,233,45,15,26,52,695
Eastern,Central,Bulls,Ryan,Arcidiacono,G,44,450,49,117,25,67,13,20,5,62,56,0,9,10,136
Eastern,Central,Bulls,Wendell,Carter-Jr.,C,54,1375,230,457,15,51,131,179,132,311,104,42,35,78,606
Eastern,Atlantic,Raptors,Stanley,Johnson,PF,61,1006,89,233,45,137,44,55,29,124,89,18,52,54,267
Eastern,Atlantic,Raptors,Chris,Boucher,PF,60,1453,288,560,90,235,152,193,117,287,63,111,35,46,818
Eastern,Atlantic,Raptors,Pascal,Siakam,PF,56,2006,437,961,73,246,249,301,95,310,250,37,64,130,119
Eastern,Atlantic,Raptors,Aron,Baynes,C,53,980,134,304,27,103,29,41,87,186,47,23,17,46,324
Eastern,Atlantic,Raptors,Fred,VanVleet,SG,52,1899,338,870,174,476,169,191,32,188,328,37,87,95,1019
Eastern,Atlantic,Raptors,DeAndre',Bembry,SG,51,972,117,228,14,53,45,66,33,113,107,18,53,71,293
Eastern,Atlantic,Raptors,Yuta,Watanabe,SF,50,723,79,180,36,90,24,29,36,123,40,19,26,19,218
Eastern,Atlantic,Raptors,Malachi,Flynn,PG,47,928,127,340,54,168,45,56,10,106,137,7,38,43,353
Eastern,Atlantic,Raptors,Kyle,Lowry,PG,46,1602,260,596,131,331,140,160,35,212,338,14,45,126,791
Eastern,Atlantic,Raptors,OG,Anunoby,SF,43,1433,249,519,104,261,80,12,54,183,94,32,66,76,682
Eastern,Central,Cavaliers,Isaac,Okoro,SF,67,2173,235,559,62,214,114,157,68,138,128,24,62,86,646
Eastern,Central,Cavaliers,Dean,Wade,PF,63,1212,134,311,78,213,30,39,38,177,74,21,35,30,376
Eastern,Central,Cavaliers,Collin,Sexton,PG,60,2115,525,1105,98,264,312,383,58,129,262,10,62,167,1460
Eastern,Central,Cavaliers,Cedi,Osman,SF,59,1511,219,586,99,324,76,95,38,163,174,9,53,80,613
Eastern,Central,Cavaliers,Darius,Garland,PG,54,1790,362,802,105,266,112,132,23,106,329,6,66,164,941
Eastern,Central,Cavaliers,Jarrett,Allen,C,63,1864,298,482,6,19,204,290,196,435,106,90,32,100,806
Eastern,Central,Cavaliers,Damyean,Dotson,SG,46,907,119,293,46,159,24,36,5,88,91,4,16,42,308
Eastern,Central,Cavaliers,Lamar,Stevens,F,40,499,62,136,4,25,37,51,24,72,25,13,7,23,165
Eastern,Central,Cavaliers,Larry,Nance-Jr.,PF,35,1091,128,272,41,114,30,49,54,181,107,17,61,55,327
Eastern,Central,Cavaliers,JaVale,McGee,C,46,678,144,282,5,24,44,67,77,162,39,54,19,60,337
Eastern,Southeast,Magic,Dwayne,Bacon,SG,72,1853,292,726,59,207,145,176,31,193,93,5,45,46,788
Eastern,Southeast,Magic,Khem,Birch,C,67,1529,189,380,13,52,91,129,174,213,89,50,48,44,482
Eastern,Southeast,Magic,Cole,Anthony,PG,47,1273,219,552,58,172,109,131,38,183,192,18,30,106,605
Eastern,Southeast,Magic,Terrence,Ross,SG,46,1346,254,616,89,264,120,138,15,143,108,21,47,74,717
Eastern,Southeast,Magic,Mo,Bamba,C,46,725,142,301,38,118,45,66,76,189,35,58,14,36,367
Eastern,Southeast,Magic,Chuma,Okeke,PF,45,1113,135,324,49,141,30,40,42,139,101,22,48,38,349
Eastern,Southeast,Magic,Nikola,Vucevic,C,70,2348,666,1396,176,440,131,156,146,671,269,48,65,126,1639
Eastern,Southeast,Magic,James,Ennis-III,F,41,986,115,243,45,104,70,87,43,123,62,7,32,36,345
Eastern,Southeast,Magic,Chasson,Randle,G,41,837,92,237,44,130,38,48,7,75,74,5,22,46,266
Eastern,Southeast,Magic,Gary,Clark,F,39,654,40,132,31,108,8,10,33,82,31,7,13,17,119
Eastern,Central,Pistons,Saddiq,Bey,SF,70,1909,276,691,175,460,124,147,43,275,95,14,52,60,857
Eastern,Central,Pistons,Isaiah,Stewart,C,68,1455,226,409,21,63,64,92,159,294,59,86,39,67,537
Eastern,Central,Pistons,Josh,Jackson,SG,62,1560,296,707,77,257,159,218,57,197,143,47,53,142,828
Eastern,Central,Pistons,Mason,Plumlee,C,56,1499,234,381,0,7,113,169,145,374,202,50,43,105,581
Eastern,Central,Pistons,Sekou,Doumbouya,SF,56,869,107,282,26,11,45,64,39,104,47,9,24,44,285
Eastern,Central,Pistons,Jerami,Grant,SF,54,1829,400,932,115,329,290,343,35,215,152,58,35,109,1205
Eastern,Central,Pistons,Saben,Lee,PG,48,781,99,210,8,23,61,89,20,77,174,13,32,55,267
Eastern,Central,Pistons,Wayne,Ellington,SG,46,1012,149,338,116,275,28,35,12,73,67,9,18,33,442
Eastern,Central,Pistons,Frank,Jackson,PG,40,738,134,293,61,150,61,75,15,72,36,1,15,34,390
Eastern,Central,Pistons,Delon,Wright,SG,63,1748,240,518,64,172,101,126,65,204,278,30,101,83,645
Western,Northwest,Jazz,Bojan,Bogdanovic,SF,72,2216,406,925,180,461,233,265,40,241,136,4,45,128,1225
Western,Northwest,Jazz,Georges,Niang,SF,72,1154,177,405,124,292,22,23,28,148,59,8,25,51,500
Western,Northwest,Jazz,Royce,O'Neale,PF,71,2240,175,394,107,278,39,46,88,397,181,32,57,83,496
Western,Northwest,Jazz,Rudy,Gobert,C,71,2187,391,579,0,4,233,374,240,720,89,190,40,118,1015
Western,Northwest,Jazz,Derrick,Favors,C,68,1039,155,243,0,2,59,80,138,238,44,68,32,36,369
Western,Northwest,Jazz,Jordan,Clarkson,PG,68,1818,457,1075,208,599,129,144,47,227,168,10,61,115,1251
Western,Northwest,Jazz,Joe,Ingles,SG,67,1867,275,562,183,406,76,90,27,217,318,12,45,117,809
Western,Northwest,Jazz,Miye,Oni,SG,54,519,35,99,30,88,5,6,23,61,28,8,11,16,105
Western,Northwest,Jazz,Donovan,Mitchell,SG,53,1771,478,1091,178,461,267,316,50,185,277,15,52,147,1401
Western,Northwest,Jazz,Mike,Conley,PG,51,1498,284,640,138,335,121,142,36,141,305,9,70,99,827
Western,Pacific,Suns,Mikal,Bridges,SF,72,2348,363,669,134,315,110,131,76,233,152,63,76,57,970
Western,Pacific,Suns,Chris,Paul,PG,70,2200,439,879,102,258,169,181,25,287,622,19,99,56,1149
Western,Pacific,Suns,Deandre,Ayton,C,69,2115,430,687,4,20,133,173,228,499,99,81,41,103,997
Western,Pacific,Suns,Devin,Booker,SG,67,2270,623,1287,126,371,340,392,34,247,289,16,53,207,1712
Western,Pacific,Suns,Jae,Crowder,PF,60,1648,199,492,148,380,57,75,32,250,127,27,48,55,603
Western,Pacific,Suns,Cameron,PAyne,PG,60,1079,191,395,73,166,50,56,16,128,217,16,36,60,505
Western,Pacific,Suns,Jevon,Carter,PG,60,717,94,223,56,151,4,7,16,76,71,9,29,16,248
Western,Pacific,Suns,Cameron,Johnson,SF,60,1437,203,483,117,335,50,59,33,166,86,16,37,40,573
Western,Pacific,Suns,Dario,Saric,PF,50,870,153,342,47,135,84,99,46,144,65,4,30,57,437
Western,Pacific,Suns,Frank,Kaminsky,PF,47,715,121,257,31,85,37,60,36,152,79,17,14,22,310
Western,Northwest,Nuggets,Nikola,Jokic,C,72,2488,732,1293,92,237,32,394,205,575,599,48,95,222,1898
Western,Northwest,Nuggets,Facundo,Campazzo,PG,65,1425,120,315,76,216,80,91,22,112,232,14,79,73,396
Western,Northwest,Nuggets,Micahel,Porter-Jr.,SF,61,1912,443,817,170,382,106,134,91,354,70,54,40,77,1162
Western,Northwest,Nuggets,JaMychal,Green,PF,58,1120,173,374,79,198,46,57,85,192,53,22,26,53,471
Western,Northwest,Nuggets,Paul,Millsap,PF,56,1162,191,401,49,143,71,98,76,186,98,36,51,51,502
Western,Northwest,Nuggets,Will,Barton,SF,56,1736,259,608,98,257,95,121,39,187,181,23,50,96,711
Western,Northwest,Nuggets,P.J.,Dozier,SG,50,1088,148,355,47,149,42,66,35,147,92,22,31,46,385
Western,Northwest,Nuggets,Jamal,Murray,PG,48,1704,378,792,129,316,133,153,37,157,231,13,64,108,1018
Western,Northwest,Nuggets,Monte,Morris,PG,47,1196,186,387,51,134,58,73,11,85,150,13,34,34,481
Western,Northwest,Nuggets,Zeke,Nnaji,PF,42,397,50,104,24,59,12,15,14,51,10,4,8,7,136
Western,Pacific,Clippers,Ivica,Zubac,C,72,1608,257,394,1,4,135,171,189,330,90,62,24,81,650
Western,Pacific,Clippers,Nicolas,Batum,PF,67,1835,191,412,110,272,48,58,50,266,148,37,69,53,540
Western,Pacific,Clippers,Reggie,Jackson,PG,67,1544,262,585,122,282,67,82,24,168,205,7,41,74,715
Western,Pacific,Clippers,Terance,Mann,SG,67,1263,178,350,38,91,78,94,56,186,104,13,29,50,472
Western,Pacific,Clippers,Luke,Kennard,SG,63,1232,197,414,100,224,26,31,15,146,104,9,23,48,520
Western,Pacific,Clippers,Marcus,Morris-Sr.,SF,57,1502,276,584,140,296,73,89,35,199,58,15,34,57,765
Western,Pacific,Clippers,Paul,George,SG,54,1821,445,953,171,416,198,228,45,314,280,24,62,179,1259
Western,Pacific,Clippers,Kawhi,Leaonard,SF,52,1772,465,908,101,254,261,295,55,282,269,21,81,105,1292
Western,Pacific,Clippers,Amir,Coffey,SG,44,395,45,103,23,56,27,38,10,34,22,0,10,15,140
Western,Pacific,Clippers,Lou,Williams,SG,66,1423,265,646,69,173,150,173,21,117,225,6,47,108,749
Western,Southwest,Mavericks,Tim,Hardaway-Jr.,SF,70,1985,407,911,207,529,142,174,20,209,126,11,31,64,1163
Western,Southwest,Mavericks,Jalen,Brunson,PG,68,1697,328,627,81,200,120,151,27,204,239,1,35,80,857
Western,Southwest,Mavericks,Luka,Doncic,PG,66,2262,647,1351,192,548,344,471,54,473,567,36,64,281,1830
Western,Southwest,Mavericks,Trey,Burke,PG,62,911,151,353,58,164,51,57,10,44,81,7,36,33,411
Western,Southwest,Mavericks,Dorian,Finney-Smith,PF,60,1921,220,466,119,302,31,41,98,228,102,25,52,48,590
Western,Southwest,Mavericks,Josh,Richardson,SG,59,1790,264,618,88,267,99,108,51,144,153,24,61,79,715
Western,Southwest,Mavericks,Dwight,Powell,C,58,966,120,194,5,21,97,124,80,154,63,30,36,40,342
Western,Southwest,Mavericks,Willie,Cauley-Stein,C,53,906,115,182,1,11,49,78,66,170,35,43,21,29,280
Western,Southwest,Mavericks,Maxi,Kleber,PF,50,1341,116,275,87,212,34,37,47,213,68,35,24,30,353
Western,Southwest,Mavericks,Kristaps,Porzingis,C,43,1327,325,683,97,258,118,138,82,299,68,58,20,51,865
Western,Northwest,Trail-Blazers,Enes,Freedom,C,72,1757,339,561,1,4,127,164,284,511,84,48,33,78,806
Western,Northwest,Trail-Blazers,Robert,Covington,PF,70,2243,204,509,135,356,50,62,61,405,117,84,101,64,593
Western,Northwest,Trail-Blazers,Carmelo,Anthony,PF,69,1690,327,777,133,325,137,154,32,182,104,38,46,61,924
Western,Northwest,Trail-Blazers,Damian,Lilard,PG,67,2398,602,1334,275,704,449,484,32,251,505,17,62,203,1928
Western,Northwest,Trail-Blazers,Anfernee,Simons,SG,64,1104,168,401,120,282,46,57,14,126,89,8,18,43,502
Western,Northwest,Trail-Blazers,Derrick,Jones-Jr.,SF,58,1318,147,304,43,136,59,91,77,128,47,54,37,32,396
Western,Northwest,Trail-Blazers,Nassir,Little,SF,48,640,78,167,28,80,36,45,32,96,23,12,5,18,220
Western,Northwest,Trail-Blazers,CJ,McCollum,SG,47,1600,405,884,169,420,108,133,30,155,223,21,44,65,1087
Western,Northwest,Trail-Blazers,Gary,Trent-Jr.,SG,58,1802,320,785,165,429,83,106,27,125,80,10,56,43,888
Western,Northwest,Trail-Blazers,Rodney,Hood,SG,55,943,94,260,34,113,24,28,23,80,53,7,24,36,246
Western,Pacific,Lakers,Montrezl,Harrell,C,69,1580,375,603,0,10,181,256,158,270,73,49,46,74,931
Western,Pacific,Lakers,Kyle,Kuzma,SF,68,1954,335,757,137,380,67,97,108,309,127,41,35,113,874
Western,Pacific,Lakers,Kentavious,Caldwell-Pope,SG,67,1902,218,506,120,293,97,112,27,152,127,26,62,66,653
Western,Pacific,Lakers,Talen,Horton-Tucker,SG,65,1304,224,489,37,131,100,129,25,144,181,21,63,105,585
Western,Pacific,Lakers,Markieff,Morris,PF,61,1200,153,378,65,209,36,50,48,218,73,19,22,54,407
Western,Pacific,Lakers,Dennis,Schroder,PG,61,1956,332,760,71,212,206,243,30,181,351,13,70,163,941
Western,Pacific,Lakers,Wesley,Matthews,SG,58,1130,89,252,66,197,35,41,20,73,54,17,38,26,279
Western,Pacific,Lakers,Alex,Caruso,SG,58,1216,133,305,55,137,49,76,31,139,160,15,64,76,370
Western,Pacific,Lakers,Marc,Gasol,C,52,993,88,194,50,122,36,50,38,177,109,58,26,53,262
Western,Pacific,Lakers,LeBron,James,SF,45,1504,422,823,104,285,178,255,29,317,350,25,48,168,1126
Western,Southwest,Grizzlies,Tyus,Jones,PG,70,1223,178,413,45,410,41,45,21,119,259,6,64,48,442
Western,Southwest,Grizzlies,Kyle,Anderson,SF,69,1887,308,658,94,261,144,184,52,344,250,57,84,86,854
Western,Southwest,Grizzlies,Desmond,Bane,SG,68,1519,234,499,177,271,40,49,31,179,118,16,41,59,625
Western,Southwest,Grizzlies,Dillon,Brooks,SF,67,1997,432,1031,128,372,159,195,53,143,157,26,78,119,1151
Western,Southwest,Grizzlies,Ja,Moant,PG,62,1052,430,957,73,241,271,372,59,193,465,13,57,203,1204
Western,Southwest,Grizzlies,Jonas,Valanciunas,C,62,1755,440,743,21,57,157,203,253,523,112,57,35,100,1058
Western,Southwest,Grizzlies,Brandon,Clarke,PF,59,1415,256,495,20,77,78,113,97,231,95,51,60,33,610
Western,Southwest,Grizzlies,Xavier,Tillman,C,59,1085,167,299,22,65,34,53,74,182,75,33,44,45,390
Western,Southwest,Grizzlies,De'Anthony,Melton,SG,52,1045,172,39,87,211,41,51,30,131,132,31,60,66,472
Western,Southwest,Grizzlies,Grayson,Allen,SG,50,1259,173,414,107,274,79,91,19,141,108,8,46,48,532
Western,Pacific,Warriors,Andrew,Wiggins,SF,71,2364,505,1058,140,368,170,258,82,265,167,70,67,126,1320
Western,Pacific,Warriors,Kent,Bazemore,SF,67,1334,176,392,75,184,54,78,26,203,108,33,69,82,481
Western,Pacific,Warriors,Stephen,Curry,PG,63,2152,658,1365,337,801,362,395,29,316,363,8,77,213,2015
Western,Pacific,Warriors,Draymond,Green,PF,63,1982,170,380,34,126,70,88,55,394,558,52,105,188,444
Western,Pacific,Warriors,Kevon,Looney,C,61,1161,108,197,4,17,31,48,117,205,119,22,21,37,251
Western,Pacific,Warriors,Mychal,Mulder,G,60,766,119,265,85,214,14,22,8,52,26,12,12,16,337
Western,Pacific,Warriors,Damion,Lee,SG,57,1079,128,275,77,194,40,44,22,158,73,8,38,30,373
Western,Pacific,Warriors,Kelly,Oubre-Jr.,SG,55,1688,318,724,90,285,123,177,82,247,73,42,57,70,849
Western,Pacific,Warriors,Juan,Toscano-Anderson,SF,53,1107,121,209,37,92,22,31,29,205,150,26,41,61,301
Western,Pacific,Warriors,Jordan,Poole,SG,51,988,205,474,97,276,105,119,15,77,99,9,26,51,612
Western,Southwest,Spurs,Jakob,Poeltl,C,69,1845,265,430,0,0,63,124,219,328,134,123,47,83,593
Western,Southwest,Spurs,Keldon,Johnson,SF,69,1968,338,705,60,181,145,196,93,319,121,24,40,78,881
Western,Southwest,Spurs,Patty,Mills,P,68,1685,252,611,161,429,71,78,18,98,162,3,42,66,736
Western,Southwest,Spurs,Dejounte,Murray,PG,67,2139,441,974,63,199,106,134,58,415,363,7,101,117,1051
Western,Southwest,Spurs,Rudy,Gay,SF,63,1358,264,628,106,278,82,102,42,261,88,40,45,65,716
Western,Southwest,Spurs,Devin,Vassell,SG,62,106,123,303,52,150,43,51,24,150,56,18,43,22,341
Western,Southwest,Spurs,Demar,Derozan,SF,61,2056,455,92,19,74,387,40,40,219,422,15,56,119,1316
Western,Southwest,Spurs,Lonnie,Walker-IV,SG,60,1522,256,609,100,282,57,70,14,141,101,15,29,65,669
Western,Southwest,Spurs,Drew,Eubanks,PF,54,755,116,205,2,2,77,106,74,167,42,49,18,45,311
Western,Southwest,Spurs,Tre,Jones,PG,37,269,37,78,3,5,17,19,8,13,39,0,8,13,94
Western,Southwest,Pelicans,Eric,Bledsoe,SG,71,2112,307,730,121,355,134,195,29,215,268,24,55,114,869
Western,Southwest,Pelicans,Brandon,Ingram,SF,61,2092,513,1101,143,375,281,320,34,265,296,36,42,154,1450
Western,Southwest,Pelicans,Zion,Williamson,PF,61,2026,634,1037,10,34,369,529,167,274,226,39,57,167,1647
Western,Southwest,Pelicans,Jaxson,Hayes,C,60,964,175,280,6,14,93,120,92,165,35,38,25,39,449
Western,Southwest,Pelicans,Steven,Adams,C,58,1604,189,308,0,3,60,135,213,301,111,38,54,78,438
Western,Southwest,Pelicans,Lonzo,Ball,PG,55,1747,290,700,172,455,50,64,33,230,316,31,82,123,802
Western,Southwest,Pelicans,Kira,Lewis-Jr.,PG,54,904,130,337,40,120,43,51,12,59,124,10,38,34,343
Western,Southwest,Pelicans,Willy,Hernangomez,C,47,846,151,268,1,10,62,93,117,217,50,23,22,34,365
Western,Southwest,Pelicans,Josh,Hart,SG,47,1350,151,344,63,193,69,89,53,324,109,12,38,49,434
Western,Southwest,Pelicans,Nickeil,Alexander-Walker,SG,46,1007,192,458,76,219,48,66,13,131,102,22,47,69,508
Western,Pacific,Kings,Buddy,Hield,SG,71,2433,403,992,282,721,88,104,29,305,257,30,63,130,1176
Western,Pacific,Kings,Richaun,Holmes,C,61,1781,366,575,2,11,135,170,144,360,101,96,39,75,869
Western,Pacific,Kings,Harrison,Barnes,SF,58,2102,319,642,100,256,195,235,64,321,20,11,43,93,933
Western,Pacific,Kings,De'Aaron,Fox,PG,58,2036,529,1110,103,320,300,417,33,170,417,27,87,174,1461
Western,Pacific,Kings,Tyrese,Haliburton,PG,58,1746,292,619,121,296,48,56,39,134,309,28,77,92,753
Western,Pacific,Kings,Cory,Joseph,PG,63,1446,200,426,45,132,72,88,35,124,213,18,61,79,517
Western,Pacific,Kings,Marvin,Bagley-III,PF,43,1112,247,490,37,108,77,134,106,212,43,21,21,59,608
Western,Pacific,Kings,Hassan,Whiteside,C,36,546,126,224,0,1,41,79,61,154,20,46,9,40,293
Western,Pacific,Kings,Justin,James,G,36,31,52,111,14,38,21,36,9,21,22,3,8,15,139
Western,Pacific,Kings,Chimezie,Metu,PF,36,488,91,179,13,37,31,43,31,81,28,18,14,29,226
Western,Northwest,Timberwolves,Anthony,Edwards,SF,72,2314,505,1211,171,520,211,272,59,277,211,36,82,160,1392
Western,Northwest,Timberwolves,Naz,Reid,C,70,1347,304,581,61,174,115,166,82,240,72,76,34,69,784
Western,Northwest,Timberwolves,Ricky,Rubio,PG,68,1772,193,498,66,214,130,150,28,195,433,4,98,111,582
Western,Northwest,Timberwolves,Jarred,Vanderbilt,PF,64,1139,143,236,1,5,57,102,118,250,76,46,64,53,344
Western,Northwest,Timberwolves,Jaden,McDaniels,PF,63,1511,164,367,72,198,27,45,52,180,71,60,35,47,427
Western,Northwest,Timberwolves,Josh,Okogie,SF,59,1197,102,254,29,108,83,108,63,93,63,28,54,43,316
Western,Northwest,Timberwolves,Juancho,Hernangomez,F,52,900,130,299,55,168,60,97,45,160,35,7,19,27,375
Western,Northwest,Timberwolves,Jordan,McLaugnling,PG,51,938,100,242,33,92,23,30,21,87,193,6,51,51,256
Western,Northwest,Timberwolves,Karl-Anthony,Towns,C,50,169,425,875,122,315,267,311,133,396,225,57,39,160,1239
Western,Northwest,Timberwolves,Jake,Layman,SF,45,627,91,184,23,78,26,37,13,54,28,19,29,26,231
Western,Northwest,Thunder,Kenrich,Williams,SF,66,1426,219,411,52,117,36,63,84,189,152,17,55,76,526
Western,Northwest,Thunder,Theo,Maledon,PG,65,1778,226,614,105,313,101,135,25,186,227,11,56,141,658
Western,Northwest,Thunder,Isaiah,Roby,PF,61,1425,207,429,32,109,87,117,89,22,107,37,52,113,533
Western,Northwest,Thunder,Darius,Bazley,PF,55,1714,272,690,83,286,125,178,51,345,99,25,29,122,754
Western,Northwest,Thunder,Luguentz,Dort,SF,52,1543,247,639,113,329,122,164,38,151,88,19,45,79,729
Western,Northwest,Thunder,Aleksej,Pokusevski,C,45,1090,139,408,58,207,31,42,30,182,97,42,20,99,367
Western,Northwest,Thunder,Moses,Brown,C,43,920,146,268,0,0,78,126,154,229,10,47,31,43,370
Western,Northwest,Thunder,Mike,Muscala,C,35,645,119,267,68,184,33,36,19,113,28,11,8,54,339
Western,Northwest,Thunder,Shai,Gilgeous-Alexander,PG,35,1180,287,565,71,170,185,229,19,147,207,23,27,106,830
Western,Northwest,Thunder,Justin,Jackson,F,34,577,89,221,36,117,31,37,16,61,52,2,15,32,245
Western,Southwest,Rockets,Jae'Sean,Tate,SF,70,2043,316,625,60,195,102,147,132,242,178,36,85,9,794
Western,Southwest,Rockets,Sterling,Brown,SF,51,1229,150,335,91,215,25,31,38,186,72,12,38,41,416
Western,Southwest,Rockets,Kenyon,Martin-Jr.,F,45,1068,162,318,35,96,60,84,73,169,48,41,30,38,419
Western,Southwest,Rockets,Christian,Wood,C,41,1326,329,640,77,206,125,198,76,319,71,48,34,80,860
Western,Southwest,Rockets,John,Wall,PG,40,1288,293,726,79,249,158,211,17,112,275,31,42,141,823
Western,Southwest,Rockets,Danuel,House-Jr.,SF,36,932,110,272,54,156,41,63,18,114,69,16,20,36,315
Western,Southwest,Rockets,P.J.,Tucker,PF,73,2467,177,426,107,299,39,48,112,364,115,36,77,72,500
Western,Southwest,Rockets,Ben,McLemore,SG,53,905,135,365,97,280,39,53,15,85,39,9,23,42,406
Western,Southwest,Rockets,David,Nwaba,SF,30,679,106,218,17,63,7,68,40,78,31,21,30,17,276
Western,Southwest,Rockets,Eric,Gordon,SG,27,789,159,367,69,210,94,114,8,50,71,13,14,51,481
